{"class_labels": ["brown_eye_spot", "healthy", "leaf_miner", "leaf_rust"], "confusion_matrix": [[148, 0, 1, 1], [0, 150, 0, 0], [0, 0, 150, 0], [1, 0, 0, 149]], "classification": {"brown_eye_spot": {"precision": 0.9932885906040269, "recall": 0.9866666666666667, "f1-score": 0.9899665551839465}, "healthy": {"precision": 1.0, "recall": 1.0, "f1-score": 1.0}, "leaf_miner": {"precision": 0.9933774834437086, "recall": 1.0, "f1-score": 0.9966777408637874}, "leaf_rust": {"precision": 0.9933333333333333, "recall": 0.9933333333333333, "f1-score": 0.9933333333333333}}}